--
-- Script was generated by Devart dbForge Studio 2019 for MySQL, Version 8.2.23.0
-- Product home page: http://www.devart.com/dbforge/mysql/studio
-- Script date 01/06/2020 20:03:06
-- Server version: 8.0.18
-- Client version: 4.1
--

-- 
-- Disable foreign keys
-- 
/*!40014 SET @OLD_FOREIGN_KEY_CHECKS=@@FOREIGN_KEY_CHECKS, FOREIGN_KEY_CHECKS=0 */;

-- 
-- Set SQL mode
-- 
/*!40101 SET @OLD_SQL_MODE=@@SQL_MODE, SQL_MODE='NO_AUTO_VALUE_ON_ZERO' */;

--
-- Set default database
--
USE aguiarsvendasbd;

--
-- Drop table `empresa`
--
DROP TABLE IF EXISTS empresa;

--
-- Drop view `view_baixar_parcelas`
--
DROP VIEW IF EXISTS view_baixar_parcelas CASCADE;

--
-- Drop view `view_parcelas_prontas`
--
DROP VIEW IF EXISTS view_parcelas_prontas CASCADE;

--
-- Drop view `view_parcelas_prontas_copy`
--
DROP VIEW IF EXISTS view_parcelas_prontas_copy CASCADE;

--
-- Drop table `parcelas`
--
DROP TABLE IF EXISTS parcelas;

--
-- Drop view `view_caixa`
--
DROP VIEW IF EXISTS view_caixa CASCADE;

--
-- Drop table `caixa`
--
DROP TABLE IF EXISTS caixa;

--
-- Drop view `view_listar_pedidos`
--
DROP VIEW IF EXISTS view_listar_pedidos CASCADE;

--
-- Drop view `view_listar_pedidos_copy`
--
DROP VIEW IF EXISTS view_listar_pedidos_copy CASCADE;

--
-- Drop table `pedidos`
--
DROP TABLE IF EXISTS pedidos;

--
-- Drop table `usuarios`
--
DROP TABLE IF EXISTS usuarios;

--
-- Drop view `view_etiquetas`
--
DROP VIEW IF EXISTS view_etiquetas CASCADE;

--
-- Drop table `etiquetas`
--
DROP TABLE IF EXISTS etiquetas;

--
-- Drop table `forma_pagamento`
--
DROP TABLE IF EXISTS forma_pagamento;

--
-- Drop view `view_testar_permissao`
--
DROP VIEW IF EXISTS view_testar_permissao CASCADE;

--
-- Drop table `acesso`
--
DROP TABLE IF EXISTS acesso;

--
-- Drop table `forms`
--
DROP TABLE IF EXISTS forms;

--
-- Drop table `clientes`
--
DROP TABLE IF EXISTS clientes;

--
-- Drop table `itens`
--
DROP TABLE IF EXISTS itens;

--
-- Drop table `produtos`
--
DROP TABLE IF EXISTS produtos;

--
-- Set default database
--
USE aguiarsvendasbd;

--
-- Create table `produtos`
--
CREATE TABLE produtos (
  pro_id INT(11) NOT NULL AUTO_INCREMENT,
  pro_nome VARCHAR(100) DEFAULT NULL,
  pro_barra VARCHAR(100) DEFAULT NULL,
  pro_ref VARCHAR(100) DEFAULT NULL,
  pro_custo DOUBLE(9, 2) DEFAULT 0.00,
  pro_preco DOUBLE(9, 2) DEFAULT 0.00,
  pro_preco_prazo DOUBLE(9, 2) DEFAULT 0.00,
  pro_estoque INT(11) DEFAULT NULL,
  PRIMARY KEY (pro_id)
)
ENGINE = INNODB,
AUTO_INCREMENT = 14,
AVG_ROW_LENGTH = 2730,
CHARACTER SET utf8mb4,
COLLATE utf8mb4_0900_ai_ci;

--
-- Create table `itens`
--
CREATE TABLE itens (
  iten_id INT(11) NOT NULL AUTO_INCREMENT,
  iten_produto INT(11) DEFAULT NULL,
  iten_qtd INT(11) DEFAULT NULL,
  iten_pedido VARCHAR(50) DEFAULT NULL,
  iten_preco DOUBLE(9, 2) DEFAULT 0.00,
  iten_preco_prazo DOUBLE(9, 2) DEFAULT NULL,
  PRIMARY KEY (iten_id)
)
ENGINE = INNODB,
AUTO_INCREMENT = 353,
AVG_ROW_LENGTH = 71,
CHARACTER SET utf8mb4,
COLLATE utf8mb4_0900_ai_ci;

--
-- Create foreign key
--
ALTER TABLE itens 
  ADD CONSTRAINT FK_itens_produtos_pro_id FOREIGN KEY (iten_produto)
    REFERENCES produtos(pro_id);

--
-- Create table `clientes`
--
CREATE TABLE clientes (
  cli_id INT(11) NOT NULL AUTO_INCREMENT,
  cli_nome VARCHAR(100) DEFAULT NULL,
  cli_endereco VARCHAR(100) DEFAULT NULL,
  cli_numero VARCHAR(20) DEFAULT NULL,
  cli_bairro VARCHAR(50) DEFAULT NULL,
  cli_cidade VARCHAR(50) DEFAULT NULL,
  cli_fone VARCHAR(20) DEFAULT NULL,
  cli_celular VARCHAR(20) DEFAULT NULL,
  cli_rg VARCHAR(20) DEFAULT NULL,
  cli_cnpj_cpf VARCHAR(20) DEFAULT NULL,
  cli_profissao VARCHAR(50) DEFAULT NULL,
  cli_data_nasc DATE DEFAULT NULL,
  PRIMARY KEY (cli_id)
)
ENGINE = INNODB,
AUTO_INCREMENT = 6,
CHARACTER SET utf8mb4,
COLLATE utf8mb4_0900_ai_ci;

--
-- Create table `forms`
--
CREATE TABLE forms (
  forms_id INT(11) NOT NULL AUTO_INCREMENT,
  forms_nome VARCHAR(30) DEFAULT NULL,
  forms_desc VARCHAR(40) DEFAULT NULL,
  PRIMARY KEY (forms_id)
)
ENGINE = INNODB,
AUTO_INCREMENT = 15,
AVG_ROW_LENGTH = 1365,
CHARACTER SET utf8mb4,
COLLATE utf8mb4_0900_ai_ci;

--
-- Create table `acesso`
--
CREATE TABLE acesso (
  acesso_id INT(11) NOT NULL AUTO_INCREMENT,
  acesso_user INT(11) DEFAULT NULL,
  acesso_tela INT(11) DEFAULT NULL,
  PRIMARY KEY (acesso_id)
)
ENGINE = INNODB,
AUTO_INCREMENT = 34,
AVG_ROW_LENGTH = 1489,
CHARACTER SET utf8mb4,
COLLATE utf8mb4_0900_ai_ci;

--
-- Create view `view_testar_permissao`
--
CREATE 
	DEFINER = 'root'@'localhost'
VIEW view_testar_permissao
AS
SELECT
  `a`.`acesso_id` AS `acesso_id`,
  `a`.`acesso_user` AS `acesso_user`,
  `a`.`acesso_tela` AS `acesso_tela`,
  `f`.`forms_id` AS `forms_id`,
  `f`.`forms_nome` AS `forms_nome`,
  `f`.`forms_desc` AS `forms_desc`
FROM (`acesso` `a`
  JOIN `forms` `f`)
WHERE (`f`.`forms_id` = `a`.`acesso_tela`);

--
-- Create table `forma_pagamento`
--
CREATE TABLE forma_pagamento (
  forma_id INT(11) NOT NULL AUTO_INCREMENT,
  forma_nome VARCHAR(40) DEFAULT NULL,
  PRIMARY KEY (forma_id)
)
ENGINE = INNODB,
AUTO_INCREMENT = 6,
AVG_ROW_LENGTH = 4096,
CHARACTER SET utf8mb4,
COLLATE utf8mb4_0900_ai_ci;

--
-- Create table `etiquetas`
--
CREATE TABLE etiquetas (
  eti_id INT(11) NOT NULL AUTO_INCREMENT,
  eti_produto INT(11) DEFAULT NULL,
  PRIMARY KEY (eti_id)
)
ENGINE = INNODB,
CHARACTER SET utf8mb4,
COLLATE utf8mb4_0900_ai_ci;

--
-- Create view `view_etiquetas`
--
CREATE 
	DEFINER = 'root'@'localhost'
VIEW view_etiquetas
AS
SELECT
  `e`.`eti_id` AS `eti_id`,
  `e`.`eti_produto` AS `eti_produto`,
  `p`.`pro_id` AS `pro_id`,
  `p`.`pro_nome` AS `pro_nome`,
  `p`.`pro_barra` AS `pro_barra`,
  `p`.`pro_ref` AS `pro_ref`,
  `p`.`pro_custo` AS `pro_custo`,
  `p`.`pro_preco` AS `pro_preco`,
  `p`.`pro_preco_prazo` AS `pro_preco_prazo`,
  `p`.`pro_estoque` AS `pro_estoque`
FROM (`etiquetas` `e`
  JOIN `produtos` `p`)
WHERE (`e`.`eti_produto` = `p`.`pro_id`);

--
-- Create table `usuarios`
--
CREATE TABLE usuarios (
  user_id INT(11) NOT NULL AUTO_INCREMENT,
  user_nome VARCHAR(100) DEFAULT NULL,
  user_nome_completo VARCHAR(100) DEFAULT NULL,
  user_senha VARCHAR(100) DEFAULT NULL,
  PRIMARY KEY (user_id)
)
ENGINE = INNODB,
AUTO_INCREMENT = 22,
AVG_ROW_LENGTH = 2340,
CHARACTER SET utf8mb4,
COLLATE utf8mb4_0900_ai_ci;

--
-- Create table `pedidos`
--
CREATE TABLE pedidos (
  ped_id INT(11) NOT NULL AUTO_INCREMENT,
  ped_date DATETIME DEFAULT NULL,
  ped_codigo VARCHAR(50) DEFAULT NULL,
  ped_cliente INT(11) DEFAULT NULL,
  ped_usuario INT(11) DEFAULT NULL,
  ped_forma_pag INT(11) DEFAULT NULL,
  ped_fechado VARCHAR(3) DEFAULT NULL,
  ped_faturado VARCHAR(3) DEFAULT NULL,
  ped_subtotal DOUBLE(9, 2) DEFAULT NULL,
  ped_subtotalprazo DOUBLE(9, 2) DEFAULT NULL,
  PRIMARY KEY (ped_id)
)
ENGINE = INNODB,
AUTO_INCREMENT = 466,
AVG_ROW_LENGTH = 165,
CHARACTER SET utf8mb4,
COLLATE utf8mb4_0900_ai_ci;

--
-- Create foreign key
--
ALTER TABLE pedidos 
  ADD CONSTRAINT FK_pedidos_clientes_cli_id FOREIGN KEY (ped_cliente)
    REFERENCES clientes(cli_id);

--
-- Create foreign key
--
ALTER TABLE pedidos 
  ADD CONSTRAINT FK_pedidos_usuarios_user_id FOREIGN KEY (ped_usuario)
    REFERENCES usuarios(user_id);

--
-- Create view `view_listar_pedidos_copy`
--
CREATE 
	DEFINER = 'root'@'localhost'
VIEW view_listar_pedidos_copy
AS
SELECT
  `pedidos`.`ped_id` AS `ped_id`,
  `pedidos`.`ped_date` AS `ped_date`,
  `pedidos`.`ped_codigo` AS `ped_codigo`,
  `pedidos`.`ped_cliente` AS `ped_cliente`,
  `pedidos`.`ped_usuario` AS `ped_usuario`,
  `pedidos`.`ped_forma_pag` AS `ped_forma_pag`,
  `pedidos`.`ped_fechado` AS `ped_fechado`,
  `pedidos`.`ped_faturado` AS `ped_faturado`,
  `produtos`.`pro_id` AS `pro_id`,
  `produtos`.`pro_nome` AS `pro_nome`,
  `produtos`.`pro_barra` AS `pro_barra`,
  `produtos`.`pro_ref` AS `pro_ref`,
  `produtos`.`pro_custo` AS `pro_custo`,
  `produtos`.`pro_preco` AS `pro_preco`,
  `produtos`.`pro_preco_prazo` AS `pro_preco_prazo`,
  `produtos`.`pro_estoque` AS `pro_estoque`,
  `itens`.`iten_id` AS `iten_id`,
  `itens`.`iten_produto` AS `iten_produto`,
  `itens`.`iten_qtd` AS `iten_qtd`,
  `itens`.`iten_pedido` AS `iten_pedido`,
  `itens`.`iten_preco` AS `iten_preco`,
  `itens`.`iten_preco_prazo` AS `iten_preco_prazo`
FROM ((`pedidos`
  JOIN `produtos`)
  JOIN `itens`)
WHERE ((`pedidos`.`ped_codigo` = `itens`.`iten_pedido`)
AND (`produtos`.`pro_id` = `itens`.`iten_produto`));

--
-- Create view `view_listar_pedidos`
--
CREATE 
	DEFINER = 'root'@'localhost'
VIEW view_listar_pedidos
AS
SELECT
  `d`.`ped_id` AS `ped_id`,
  `d`.`ped_date` AS `ped_date`,
  `d`.`ped_codigo` AS `ped_codigo`,
  `d`.`ped_cliente` AS `ped_cliente`,
  `d`.`ped_usuario` AS `ped_usuario`,
  `d`.`ped_forma_pag` AS `ped_forma_pag`,
  `d`.`ped_fechado` AS `ped_fechado`,
  `d`.`ped_faturado` AS `ped_faturado`,
  `d`.`ped_subtotal` AS `ped_subtotal`,
  `d`.`ped_subtotalprazo` AS `ped_subtotalprazo`,
  `i`.`iten_id` AS `iten_id`,
  `i`.`iten_produto` AS `iten_produto`,
  `i`.`iten_qtd` AS `iten_qtd`,
  `i`.`iten_pedido` AS `iten_pedido`,
  `i`.`iten_preco` AS `iten_preco`,
  `i`.`iten_preco_prazo` AS `iten_preco_prazo`,
  `p`.`pro_id` AS `pro_id`,
  `p`.`pro_nome` AS `pro_nome`,
  `p`.`pro_barra` AS `pro_barra`,
  `p`.`pro_ref` AS `pro_ref`,
  `p`.`pro_custo` AS `pro_custo`,
  `p`.`pro_preco` AS `pro_preco`,
  `p`.`pro_preco_prazo` AS `pro_preco_prazo`,
  `p`.`pro_estoque` AS `pro_estoque`,
  `c`.`cli_id` AS `cli_id`,
  `c`.`cli_nome` AS `cli_nome`,
  `c`.`cli_endereco` AS `cli_endereco`,
  `c`.`cli_numero` AS `cli_numero`,
  `c`.`cli_bairro` AS `cli_bairro`,
  `c`.`cli_cidade` AS `cli_cidade`,
  `c`.`cli_fone` AS `cli_fone`,
  `c`.`cli_celular` AS `cli_celular`,
  `c`.`cli_rg` AS `cli_rg`,
  `c`.`cli_cnpj_cpf` AS `cli_cnpj_cpf`,
  `c`.`cli_profissao` AS `cli_profissao`,
  `c`.`cli_data_nasc` AS `cli_data_nasc`,
  `f`.`forma_id` AS `forma_id`,
  `f`.`forma_nome` AS `forma_nome`,
  `u`.`user_id` AS `user_id`,
  `u`.`user_nome` AS `user_nome`,
  `u`.`user_nome_completo` AS `user_nome_completo`,
  `u`.`user_senha` AS `user_senha`
FROM (((((`pedidos` `d`
  JOIN `itens` `i`)
  JOIN `produtos` `p`)
  JOIN `clientes` `c`)
  JOIN `forma_pagamento` `f`)
  JOIN `usuarios` `u`)
WHERE ((`c`.`cli_id` = `d`.`ped_cliente`)
AND (`i`.`iten_pedido` = `d`.`ped_codigo`)
AND (`d`.`ped_forma_pag` = `f`.`forma_id`)
AND (`i`.`iten_produto` = `p`.`pro_id`)
AND (`d`.`ped_usuario` = `u`.`user_id`))
ORDER BY `d`.`ped_id` DESC;

--
-- Create table `caixa`
--
CREATE TABLE caixa (
  caixa_id INT(11) NOT NULL AUTO_INCREMENT,
  caixa_valor DOUBLE(9, 2) DEFAULT 0.00,
  caixa_data_abre DATE DEFAULT NULL,
  caixa_data_fecha DATE DEFAULT NULL,
  caixa_inicial DOUBLE(9, 2) DEFAULT 0.00,
  caixa_usuario INT(11) DEFAULT NULL,
  PRIMARY KEY (caixa_id)
)
ENGINE = INNODB,
AUTO_INCREMENT = 10,
AVG_ROW_LENGTH = 2048,
CHARACTER SET utf8mb4,
COLLATE utf8mb4_0900_ai_ci;

--
-- Create view `view_caixa`
--
CREATE 
	DEFINER = 'root'@'localhost'
VIEW view_caixa
AS
SELECT
  `c`.`caixa_id` AS `caixa_id`,
  `c`.`caixa_valor` AS `caixa_valor`,
  `c`.`caixa_data_abre` AS `caixa_data_abre`,
  `c`.`caixa_data_fecha` AS `caixa_data_fecha`,
  `c`.`caixa_inicial` AS `caixa_inicial`,
  `c`.`caixa_usuario` AS `caixa_usuario`,
  `u`.`user_id` AS `user_id`,
  `u`.`user_nome` AS `user_nome`,
  `u`.`user_nome_completo` AS `user_nome_completo`,
  `u`.`user_senha` AS `user_senha`
FROM (`caixa` `c`
  JOIN `usuarios` `u`)
WHERE (`c`.`caixa_usuario` = `u`.`user_id`);

--
-- Create table `parcelas`
--
CREATE TABLE parcelas (
  parc_id INT(11) NOT NULL AUTO_INCREMENT,
  parc_cod_carne VARCHAR(50) DEFAULT NULL,
  parc_numero INT(11) DEFAULT NULL,
  parc_valor DOUBLE(15, 2) DEFAULT 0.00,
  parc_data_venc DATE DEFAULT NULL,
  parc_pago ENUM('SIM','NAO') DEFAULT NULL,
  parc_data_pago DATE DEFAULT NULL,
  PRIMARY KEY (parc_id)
)
ENGINE = INNODB,
AUTO_INCREMENT = 64,
AVG_ROW_LENGTH = 1092,
CHARACTER SET utf8mb4,
COLLATE utf8mb4_0900_ai_ci;

--
-- Create view `view_parcelas_prontas_copy`
--
CREATE 
	DEFINER = 'root'@'localhost'
VIEW view_parcelas_prontas_copy
AS
SELECT
  `p`.`parc_id` AS `parc_id`,
  `p`.`parc_cod_carne` AS `parc_cod_carne`,
  `p`.`parc_numero` AS `parc_numero`,
  `p`.`parc_valor` AS `parc_valor`,
  `p`.`parc_data_venc` AS `parc_data_venc`,
  `p`.`parc_pago` AS `parc_pago`,
  `p`.`parc_data_pago` AS `parc_data_pago`,
  `c`.`cli_id` AS `cli_id`,
  `c`.`cli_nome` AS `cli_nome`,
  `c`.`cli_endereco` AS `cli_endereco`,
  `c`.`cli_numero` AS `cli_numero`,
  `c`.`cli_bairro` AS `cli_bairro`,
  `c`.`cli_cidade` AS `cli_cidade`,
  `c`.`cli_fone` AS `cli_fone`,
  `c`.`cli_celular` AS `cli_celular`,
  `c`.`cli_rg` AS `cli_rg`,
  `c`.`cli_cnpj_cpf` AS `cli_cnpj_cpf`,
  `c`.`cli_profissao` AS `cli_profissao`,
  `c`.`cli_data_nasc` AS `cli_data_nasc`
FROM (`parcelas` `p`
  JOIN `clientes` `c`);

--
-- Create view `view_parcelas_prontas`
--
CREATE 
	DEFINER = 'root'@'localhost'
VIEW view_parcelas_prontas
AS
SELECT
  `parcelas`.`parc_id` AS `parc_id`,
  `parcelas`.`parc_cod_carne` AS `parc_cod_carne`,
  `parcelas`.`parc_numero` AS `parc_numero`,
  `parcelas`.`parc_valor` AS `parc_valor`,
  `parcelas`.`parc_data_venc` AS `parc_data_venc`,
  `parcelas`.`parc_pago` AS `parc_pago`,
  `parcelas`.`parc_data_pago` AS `parc_data_pago`
FROM `parcelas`;

--
-- Create view `view_baixar_parcelas`
--
CREATE 
	DEFINER = 'root'@'localhost'
VIEW view_baixar_parcelas
AS
SELECT
  `c`.`cli_id` AS `cli_id`,
  `c`.`cli_nome` AS `cli_nome`,
  `c`.`cli_endereco` AS `cli_endereco`,
  `c`.`cli_numero` AS `cli_numero`,
  `c`.`cli_bairro` AS `cli_bairro`,
  `c`.`cli_cidade` AS `cli_cidade`,
  `c`.`cli_fone` AS `cli_fone`,
  `c`.`cli_celular` AS `cli_celular`,
  `c`.`cli_rg` AS `cli_rg`,
  `c`.`cli_cnpj_cpf` AS `cli_cnpj_cpf`,
  `c`.`cli_profissao` AS `cli_profissao`,
  `c`.`cli_data_nasc` AS `cli_data_nasc`,
  `d`.`ped_id` AS `ped_id`,
  `d`.`ped_date` AS `ped_date`,
  `d`.`ped_codigo` AS `ped_codigo`,
  `d`.`ped_cliente` AS `ped_cliente`,
  `d`.`ped_usuario` AS `ped_usuario`,
  `d`.`ped_forma_pag` AS `ped_forma_pag`,
  `d`.`ped_fechado` AS `ped_fechado`,
  `d`.`ped_faturado` AS `ped_faturado`,
  `d`.`ped_subtotal` AS `ped_subtotal`,
  `d`.`ped_subtotalprazo` AS `ped_subtotalprazo`,
  `p`.`parc_id` AS `parc_id`,
  `p`.`parc_cod_carne` AS `parc_cod_carne`,
  `p`.`parc_numero` AS `parc_numero`,
  `p`.`parc_valor` AS `parc_valor`,
  `p`.`parc_data_venc` AS `parc_data_venc`,
  `p`.`parc_pago` AS `parc_pago`,
  `p`.`parc_data_pago` AS `parc_data_pago`
FROM ((`clientes` `c`
  JOIN `pedidos` `d`)
  JOIN `parcelas` `p`)
WHERE ((0 <> (`c`.`cli_id` = `d`.`ped_cliente`))
AND (`d`.`ped_codigo` = `p`.`parc_cod_carne`))
GROUP BY `d`.`ped_codigo`;

--
-- Create table `empresa`
--
CREATE TABLE empresa (
  emp_id INT(11) NOT NULL AUTO_INCREMENT,
  emp_nome VARCHAR(50) DEFAULT NULL,
  emp_fone VARCHAR(50) DEFAULT NULL,
  emp_cnpj VARCHAR(50) DEFAULT NULL,
  emp_cpf VARCHAR(50) DEFAULT NULL,
  emp_lgr VARCHAR(50) DEFAULT NULL,
  emp_prof VARCHAR(50) DEFAULT NULL,
  emp_nasc DATE DEFAULT NULL,
  PRIMARY KEY (emp_id)
)
ENGINE = INNODB,
CHARACTER SET utf8mb4,
COLLATE utf8mb4_0900_ai_ci;

-- 
-- Dumping data for table usuarios
--
INSERT INTO usuarios VALUES
(1, 'MASTER', 'MASTER MASTER', '123'),
(2, 'LEONARDO', 'LEONARDO AGUIAR', '123'),
(5, 'SOPHIA', 'SOPHIA AGUIAR', '123'),
(8, 'MONYQUE', 'MONYQUE AGUIAR', '123'),
(18, 'ANA CLARA', 'ANA CLARA AGUIAR', '123'),
(19, 'JOAO LUCAS', 'JOAO LUCAS AGUIAR', '123');

-- 
-- Dumping data for table clientes
--
INSERT INTO clientes VALUES
(1, 'LEONARDO AGUIAR', 'AV. PRESIDENTE', '1000', 'CENTRO', 'FORTALEZA', '8532323232', '85989898989', '2004005001212', '03303403503', 'TECNICO', '1940-06-06'),
(2, 'SOPHIA AGUIAR', 'MESMO DO PAI', '888', 'CENTRO', 'FORTALEZA', '8532323232', '85988888888', '23423424234', '00300300333', 'DAR TRABALHO', '2018-03-07'),
(3, 'CLIENTE A', 'RUA MAL ME QUER', '1000', 'CENTRO', 'FORTALEZA', '8532323232', '85988888888', '20020020020', '03303303303', NULL, NULL),
(4, NULL, NULL, NULL, NULL, NULL, NULL, NULL, NULL, NULL, NULL, NULL),
(5, 'CLIENTE B', 'RUA 1', '1', 'CENTRO', 'FORTALEZA', '8532323232', '85999999999', '98989898', '98989898989898', 'AUTONOMO', '1989-06-06');

-- 
-- Dumping data for table produtos
--
INSERT INTO produtos VALUES
(4, 'SSD', '2001091706374', 'SSD', 500.00, 1000.00, 1200.00, 10),
(6, 'MOUSE SEM FIO', '2001091704127', 'M0012', 10.00, 20.00, 25.00, 10),
(7, 'TECLADO RETROILUMINADO', '2001091704028', 'TECI001', 89.00, 100.00, 130.00, 10),
(9, 'BATERIA EXTERNA', '2001130842490', 'BATEX001', 100.00, 150.00, 200.00, 10),
(11, 'SMARTWATCH', '2001151710402', 'WATCH IWO 11', 400.00, 500.00, 600.00, 10),
(12, 'BLUETOOTH ADAPTADOR USBB', '2001261719067', 'BLUETOOTH 5.0', 20.00, 50.00, 60.00, 10);

-- 
-- Dumping data for table pedidos
--
INSERT INTO pedidos VALUES
(1, '2020-01-20 00:00:00', '200121163545', 1, 1, 1, 'NAO', 'SIM', NULL, NULL),
(8, '2020-01-20 00:00:00', '200120232703', 1, 1, NULL, 'NAO', 'NAO', NULL, NULL),
(10, '2020-01-20 00:00:00', '200120233505', 1, 1, NULL, 'NAO', 'NAO', NULL, NULL),
(11, '2020-01-20 00:00:00', '200120233529', 1, 1, NULL, 'NAO', 'NAO', NULL, NULL),
(12, '2020-01-20 00:00:00', '200120234020', 1, 1, NULL, 'NAO', 'NAO', NULL, NULL),
(13, '2020-01-20 00:00:00', '200120234051', 2, 1, NULL, 'NAO', 'NAO', NULL, NULL),
(14, '2020-01-20 00:00:00', '200120234144', 3, 1, NULL, 'NAO', 'NAO', NULL, NULL),
(15, '2020-01-21 00:00:00', '200121152206', 3, 1, NULL, 'NAO', 'NAO', NULL, NULL),
(16, '2020-01-21 00:00:00', '200121152815', 1, 1, NULL, 'NAO', 'NAO', NULL, NULL),
(17, '2020-01-21 00:00:00', '200121152958', 3, 1, NULL, 'NAO', 'NAO', NULL, NULL),
(18, '2020-01-21 00:00:00', '200121153138', 1, 1, NULL, 'NAO', 'NAO', NULL, NULL),
(19, '2020-01-21 00:00:00', '200121153345', 1, 1, NULL, 'NAO', 'NAO', NULL, NULL),
(20, '2020-01-21 00:00:00', '200121153608', 1, 1, NULL, 'NAO', 'NAO', NULL, NULL),
(21, '2020-01-21 00:00:00', '200121154928', 1, 1, NULL, 'NAO', 'NAO', NULL, NULL),
(22, '2020-01-21 00:00:00', '200121155018', 1, 1, NULL, 'NAO', 'NAO', NULL, NULL),
(23, '2020-01-21 00:00:00', '200121155514', 1, 1, NULL, 'NAO', 'NAO', NULL, NULL),
(24, '2020-01-21 00:00:00', '200121155757', 1, 1, NULL, 'NAO', 'NAO', NULL, NULL),
(25, '2020-01-21 00:00:00', '200121155855', 1, 1, NULL, 'NAO', 'NAO', NULL, NULL),
(26, '2020-01-21 00:00:00', '200121155956', 1, 1, NULL, 'NAO', 'NAO', NULL, NULL),
(27, '2020-01-21 00:00:00', '200121162243', 1, 1, NULL, 'NAO', 'NAO', NULL, NULL),
(28, '2020-01-21 00:00:00', '200121162328', 1, 1, NULL, 'NAO', 'NAO', NULL, NULL),
(29, '2020-01-21 00:00:00', '200121162614', 1, 1, NULL, 'NAO', 'NAO', NULL, NULL),
(30, '2020-01-21 00:00:00', '200121162659', 1, 1, NULL, 'NAO', 'NAO', NULL, NULL),
(31, '2020-01-21 00:00:00', '200121162932', 1, 1, NULL, 'NAO', 'NAO', NULL, NULL),
(32, '2020-01-21 00:00:00', '200121163039', 1, 1, NULL, 'NAO', 'NAO', NULL, NULL),
(33, '2020-01-21 00:00:00', '200121163159', 1, 1, NULL, 'NAO', 'NAO', NULL, NULL),
(34, '2020-01-21 00:00:00', '200121163442', 1, 1, NULL, 'NAO', 'NAO', NULL, NULL),
(35, '2020-01-21 00:00:00', '200121163545', 1, 1, NULL, 'NAO', 'NAO', NULL, NULL),
(36, '2020-01-21 00:00:00', '200121163710', 1, 1, NULL, 'NAO', 'NAO', NULL, NULL),
(37, '2020-01-21 00:00:00', '200121163833', 1, 1, NULL, 'NAO', 'NAO', NULL, NULL),
(38, '2020-01-21 00:00:00', '200121165640', 3, 1, NULL, 'NAO', 'NAO', NULL, NULL),
(39, '2020-01-21 00:00:00', '200121181430', 1, 1, NULL, 'NAO', 'NAO', NULL, NULL),
(40, '2020-01-21 00:00:00', '200121181703', 1, 1, NULL, 'NAO', 'NAO', NULL, NULL),
(41, '2020-01-21 00:00:00', '200121181737', 1, 1, NULL, 'NAO', 'NAO', NULL, NULL),
(42, '2020-01-22 00:00:00', '200122091255', 1, 1, NULL, 'NAO', 'NAO', NULL, NULL),
(43, '2020-01-22 00:00:00', '200122091656', 1, 1, NULL, 'NAO', 'NAO', NULL, NULL),
(44, '2020-01-22 00:00:00', '200122091716', 1, 1, NULL, 'NAO', 'NAO', NULL, NULL),
(45, '2020-01-22 00:00:00', '200122091801', 1, 1, NULL, 'NAO', 'NAO', NULL, NULL),
(46, '2020-01-22 00:00:00', '200122092217', 1, 1, NULL, 'NAO', 'NAO', NULL, NULL),
(47, '2020-01-22 00:00:00', '200122100921', 1, 1, NULL, 'NAO', 'NAO', NULL, NULL),
(48, '2020-01-22 00:00:00', '200122133238', 1, 1, NULL, 'NAO', 'NAO', NULL, NULL),
(49, '2020-01-22 00:00:00', '200122134156', 1, 1, NULL, 'NAO', 'NAO', NULL, NULL),
(50, '2020-01-22 00:00:00', '200122201753', 1, 1, NULL, 'NAO', 'NAO', NULL, NULL),
(51, '2020-01-22 00:00:00', '200122202109', 1, 1, NULL, 'NAO', 'NAO', NULL, NULL),
(52, '2020-01-22 00:00:00', '200122205349', 1, 1, NULL, 'NAO', 'NAO', NULL, NULL),
(53, '2020-01-22 00:00:00', '200122221448', 1, 1, NULL, 'NAO', 'NAO', NULL, NULL),
(54, '2020-01-22 00:00:00', '200122221746', 1, 1, NULL, 'NAO', 'NAO', NULL, NULL),
(55, '2020-01-22 00:00:00', '200122222412', 1, 1, NULL, 'NAO', 'NAO', NULL, NULL),
(56, '2020-01-23 00:00:00', '200123182028', 1, 1, NULL, 'NAO', 'NAO', NULL, NULL),
(57, '2020-01-23 00:00:00', '200123184742', 1, 1, NULL, 'NAO', 'NAO', NULL, NULL),
(58, '2020-01-23 00:00:00', '200123185734', 1, 1, NULL, 'NAO', 'NAO', NULL, NULL),
(59, '2020-01-23 00:00:00', '200123191231', 1, 1, NULL, 'NAO', 'NAO', NULL, NULL),
(60, '2020-01-23 00:00:00', '200123191406', 1, 1, NULL, 'NAO', 'NAO', NULL, NULL),
(61, '2020-01-23 00:00:00', '200123191442', 1, 1, NULL, 'NAO', 'NAO', NULL, NULL),
(62, '2020-01-23 00:00:00', '200123193709', 1, 1, NULL, 'NAO', 'NAO', NULL, NULL),
(63, '2020-01-23 00:00:00', '200123200101', 1, 1, NULL, 'NAO', 'NAO', NULL, NULL),
(64, '2020-01-23 00:00:00', '200123200148', 1, 1, NULL, 'NAO', 'NAO', NULL, NULL),
(65, '2020-01-23 00:00:00', '200123200248', 1, 1, NULL, 'NAO', 'NAO', NULL, NULL),
(66, '2020-01-23 00:00:00', '200123202632', 1, 1, NULL, 'NAO', 'NAO', NULL, NULL),
(67, '2020-01-23 00:00:00', '200123203113', 1, 1, NULL, 'NAO', 'NAO', NULL, NULL),
(68, '2020-01-23 00:00:00', '200123203225', 1, 1, NULL, 'NAO', 'NAO', NULL, NULL),
(69, '2020-01-23 00:00:00', '200123203233', 1, 1, NULL, 'NAO', 'NAO', NULL, NULL),
(70, '2020-01-23 00:00:00', '200123203611', 1, 1, NULL, 'NAO', 'NAO', NULL, NULL),
(71, '2020-01-23 00:00:00', '200123203805', 1, 1, NULL, 'NAO', 'NAO', NULL, NULL),
(72, '2020-01-23 00:00:00', '200123203839', 1, 1, NULL, 'NAO', 'NAO', NULL, NULL),
(73, '2020-01-23 00:00:00', '200123203918', 1, 1, NULL, 'NAO', 'NAO', NULL, NULL),
(74, '2020-01-23 00:00:00', '200123204129', 1, 1, NULL, 'NAO', 'NAO', NULL, NULL),
(75, '2020-01-23 00:00:00', '200123204233', 1, 1, NULL, 'NAO', 'NAO', NULL, NULL),
(76, '2020-01-23 00:00:00', '200123204944', 3, 1, NULL, 'NAO', 'NAO', NULL, NULL),
(77, '2020-01-23 00:00:00', '200123205756', 1, 1, NULL, 'NAO', 'NAO', NULL, NULL),
(78, '2020-01-23 00:00:00', '200123205917', 1, 1, NULL, 'NAO', 'NAO', NULL, NULL),
(79, '2020-01-23 00:00:00', '200123210508', 1, 1, NULL, 'NAO', 'NAO', NULL, NULL),
(80, '2020-01-23 00:00:00', '200123210816', 1, 1, NULL, 'NAO', 'NAO', NULL, NULL),
(81, '2020-01-23 00:00:00', '200123211001', 2, 1, NULL, 'NAO', 'NAO', NULL, NULL),
(82, '2020-01-23 00:00:00', '200123211147', 1, 1, NULL, 'NAO', 'NAO', NULL, NULL),
(83, '2020-01-23 00:00:00', '200123211321', 1, 1, NULL, 'NAO', 'NAO', NULL, NULL),
(84, '2020-01-23 00:00:00', '200123215455', 1, 1, NULL, 'NAO', 'NAO', NULL, NULL),
(85, '2020-01-23 00:00:00', '200123215514', 1, 1, NULL, 'NAO', 'NAO', NULL, NULL),
(86, '2020-01-23 00:00:00', '200123215919', 1, 1, NULL, 'NAO', 'NAO', NULL, NULL),
(87, '2020-01-23 00:00:00', '200123220205', 1, 1, NULL, 'NAO', 'NAO', NULL, NULL),
(88, '2020-01-23 00:00:00', '200123220424', 1, 1, NULL, 'NAO', 'NAO', NULL, NULL),
(89, '2020-01-23 00:00:00', '200123225134', 1, 1, NULL, 'NAO', 'NAO', NULL, NULL),
(90, '2020-01-23 00:00:00', '200123225430', 1, 1, NULL, 'NAO', 'NAO', NULL, NULL),
(91, '2020-01-23 00:00:00', '200123225506', 1, 1, NULL, 'NAO', 'NAO', NULL, NULL),
(92, '2020-01-23 00:00:00', '200123225706', 1, 1, NULL, 'NAO', 'NAO', NULL, NULL),
(93, '2020-01-23 00:00:00', '200123225724', 1, 1, NULL, 'NAO', 'NAO', NULL, NULL),
(94, '2020-01-23 00:00:00', '200123230215', 1, 1, NULL, 'NAO', 'NAO', NULL, NULL),
(95, '2020-01-23 00:00:00', '200123230241', 1, 1, NULL, 'NAO', 'NAO', NULL, NULL),
(96, '2020-01-23 00:00:00', '200123230338', 1, 1, NULL, 'NAO', 'NAO', NULL, NULL),
(97, '2020-01-23 00:00:00', '200123230703', 1, 1, NULL, 'NAO', 'NAO', NULL, NULL),
(98, '2020-01-23 00:00:00', '200123230911', 1, 1, NULL, 'NAO', 'NAO', NULL, NULL),
(99, '2020-01-23 00:00:00', '200123231020', 1, 1, NULL, 'NAO', 'NAO', NULL, NULL),
(100, '2020-01-23 00:00:00', '200123231057', 1, 1, NULL, 'NAO', 'NAO', NULL, NULL),
(101, '2020-01-23 00:00:00', '200123231135', 1, 1, NULL, 'NAO', 'NAO', NULL, NULL),
(102, '2020-01-23 00:00:00', '200123231642', 1, 1, NULL, 'NAO', 'NAO', NULL, NULL),
(103, '2020-01-23 00:00:00', '200123231823', 1, 1, NULL, 'NAO', 'NAO', NULL, NULL),
(104, '2020-01-23 00:00:00', '200123232551', 1, 1, NULL, 'NAO', 'NAO', NULL, NULL),
(105, '2020-01-23 00:00:00', '200123232623', 1, 1, NULL, 'NAO', 'NAO', NULL, NULL),
(106, '2020-01-23 00:00:00', '200123232839', 1, 1, NULL, 'NAO', 'NAO', NULL, NULL),
(107, '2020-01-24 00:00:00', '200124002055', 1, 1, NULL, 'NAO', 'NAO', NULL, NULL),
(108, '2020-01-24 00:00:00', '200124002143', 1, 1, NULL, 'NAO', 'NAO', NULL, NULL),
(109, '2020-01-24 00:00:00', '200124002315', 2, 1, NULL, 'NAO', 'NAO', NULL, NULL),
(110, '2020-01-24 00:00:00', '200124002408', 1, 1, NULL, 'NAO', 'NAO', NULL, NULL),
(111, '2020-01-24 00:00:00', '200124002433', 1, 1, NULL, 'NAO', 'NAO', NULL, NULL),
(112, '2020-01-24 00:00:00', '200124002529', 1, 1, NULL, 'NAO', 'NAO', NULL, NULL),
(113, '2020-01-24 00:00:00', '200124002722', 1, 1, NULL, 'NAO', 'NAO', NULL, NULL),
(114, '2020-01-24 00:00:00', '200124002914', 1, 1, NULL, 'NAO', 'NAO', NULL, NULL),
(115, '2020-01-24 00:00:00', '200124003017', 1, 1, NULL, 'NAO', 'NAO', NULL, NULL),
(116, '2020-01-24 00:00:00', '200124003207', 1, 1, NULL, 'NAO', 'NAO', NULL, NULL),
(117, '2020-01-24 00:00:00', '200124003406', 1, 1, NULL, 'NAO', 'NAO', NULL, NULL),
(118, '2020-01-24 00:00:00', '200124003519', 1, 1, NULL, 'NAO', 'NAO', NULL, NULL),
(119, '2020-01-24 00:00:00', '200124003652', 1, 1, NULL, 'NAO', 'NAO', NULL, NULL),
(120, '2020-01-24 00:00:00', '200124003911', 1, 1, NULL, 'NAO', 'NAO', NULL, NULL),
(121, '2020-01-24 00:00:00', '200124004035', 1, 1, NULL, 'NAO', 'NAO', NULL, NULL),
(122, '2020-01-24 00:00:00', '200124004346', 1, 1, NULL, 'NAO', 'NAO', NULL, NULL),
(123, '2020-01-24 00:00:00', '200124004436', 1, 1, NULL, 'NAO', 'NAO', NULL, NULL),
(124, '2020-01-24 00:00:00', '200124004530', 1, 1, NULL, 'NAO', 'NAO', NULL, NULL),
(125, '2020-01-24 00:00:00', '200124004729', 1, 1, NULL, 'NAO', 'NAO', NULL, NULL),
(126, '2020-01-24 00:00:00', '200124005005', 1, 1, NULL, 'NAO', 'NAO', NULL, NULL),
(127, '2020-01-24 00:00:00', '200124005131', 2, 1, NULL, 'NAO', 'NAO', NULL, NULL),
(128, '2020-01-24 00:00:00', '200124005230', 1, 1, NULL, 'NAO', 'NAO', NULL, NULL),
(129, '2020-01-24 00:00:00', '200124005336', 3, 1, NULL, 'NAO', 'NAO', NULL, NULL),
(130, '2020-01-24 00:00:00', '200124005426', 1, 1, NULL, 'NAO', 'NAO', NULL, NULL),
(131, '2020-01-24 00:00:00', '200124005636', 1, 1, NULL, 'NAO', 'NAO', NULL, NULL),
(132, '2020-01-24 00:00:00', '200124005739', 1, 1, NULL, 'NAO', 'NAO', NULL, NULL),
(133, '2020-01-24 00:00:00', '200124005823', 1, 1, NULL, 'NAO', 'NAO', NULL, NULL),
(134, '2020-01-24 00:00:00', '200124005911', 1, 1, NULL, 'NAO', 'NAO', NULL, NULL),
(135, '2020-01-24 00:00:00', '200124005951', 1, 1, NULL, 'NAO', 'NAO', NULL, NULL),
(136, '2020-01-24 00:00:00', '200124100521', 1, 1, NULL, 'NAO', 'NAO', NULL, NULL),
(137, '2020-01-24 00:00:00', '200124100757', 1, 1, NULL, 'NAO', 'NAO', NULL, NULL),
(138, '2020-01-24 00:00:00', '200124101054', 1, 1, NULL, 'NAO', 'NAO', NULL, NULL),
(139, '2020-01-24 00:00:00', '200124101335', 1, 1, NULL, 'NAO', 'NAO', NULL, NULL),
(140, '2020-01-24 00:00:00', '200124101524', 1, 1, NULL, 'NAO', 'NAO', NULL, NULL),
(141, '2020-01-24 00:00:00', '200124101622', 1, 1, NULL, 'NAO', 'NAO', NULL, NULL),
(142, '2020-01-24 00:00:00', '200124101822', 1, 1, NULL, 'NAO', 'NAO', NULL, NULL),
(143, '2020-01-24 00:00:00', '200124101859', 1, 1, NULL, 'NAO', 'NAO', NULL, NULL),
(144, '2020-01-24 00:00:00', '200124102042', 1, 1, NULL, 'NAO', 'NAO', NULL, NULL),
(145, '2020-01-24 00:00:00', '200124102110', 1, 1, NULL, 'NAO', 'NAO', NULL, NULL),
(146, '2020-01-24 00:00:00', '200124102132', 1, 1, NULL, 'NAO', 'NAO', NULL, NULL),
(147, '2020-01-24 00:00:00', '200124102159', 1, 1, NULL, 'NAO', 'NAO', NULL, NULL),
(148, '2020-01-24 00:00:00', '200124103535', 1, 1, NULL, 'NAO', 'NAO', NULL, NULL),
(149, '2020-01-24 00:00:00', '200124103644', 1, 1, NULL, 'NAO', 'NAO', NULL, NULL),
(150, '2020-01-24 00:00:00', '200124103935', 1, 1, NULL, 'NAO', 'NAO', NULL, NULL),
(151, '2020-01-24 00:00:00', '200124104139', 1, 1, NULL, 'NAO', 'NAO', NULL, NULL),
(152, '2020-01-24 00:00:00', '200124104646', 1, 1, NULL, 'NAO', 'NAO', NULL, NULL),
(153, '2020-01-24 00:00:00', '200124114115', 1, 1, NULL, 'NAO', 'NAO', NULL, NULL),
(154, '2020-01-24 00:00:00', '200124114248', 1, 1, NULL, 'NAO', 'NAO', NULL, NULL),
(155, '2020-01-24 00:00:00', '200124114511', 1, 1, NULL, 'NAO', 'NAO', NULL, NULL),
(156, '2020-01-24 00:00:00', '200124114551', 1, 1, NULL, 'NAO', 'NAO', NULL, NULL),
(157, '2020-01-24 00:00:00', '200124114746', 1, 1, NULL, 'NAO', 'NAO', NULL, NULL),
(158, '2020-01-24 00:00:00', '200124114933', 1, 1, NULL, 'NAO', 'NAO', NULL, NULL),
(159, '2020-01-24 00:00:00', '200124115016', 1, 1, NULL, 'NAO', 'NAO', NULL, NULL),
(160, '2020-01-24 00:00:00', '200124115054', 1, 1, NULL, 'NAO', 'NAO', NULL, NULL),
(161, '2020-01-24 00:00:00', '200124163116', 1, 1, NULL, 'NAO', 'NAO', NULL, NULL),
(162, '2020-01-24 00:00:00', '200124163436', 1, 1, NULL, 'NAO', 'NAO', NULL, NULL),
(163, '2020-01-24 00:00:00', '200124163602', 1, 1, NULL, 'NAO', 'NAO', NULL, NULL),
(164, '2020-01-24 00:00:00', '200124163809', 1, 1, NULL, 'NAO', 'NAO', NULL, NULL),
(165, '2020-01-24 00:00:00', '200124164633', 1, 1, NULL, 'NAO', 'NAO', NULL, NULL),
(166, '2020-01-24 00:00:00', '200124164805', 1, 1, NULL, 'NAO', 'NAO', NULL, NULL),
(167, '2020-01-24 00:00:00', '200124174647', 1, 1, NULL, 'NAO', 'NAO', NULL, NULL),
(168, '2020-01-24 00:00:00', '200124174800', 1, 1, NULL, 'NAO', 'NAO', NULL, NULL),
(169, '2020-01-24 00:00:00', '200124174909', 1, 1, NULL, 'NAO', 'NAO', NULL, NULL),
(170, '2020-01-24 00:00:00', '200124213546', 1, 1, NULL, 'NAO', 'NAO', NULL, NULL),
(171, '2020-01-25 00:00:00', '200125140759', 1, 1, NULL, 'NAO', 'NAO', NULL, NULL),
(172, '2020-01-25 00:00:00', '200125140928', 1, 1, NULL, 'NAO', 'NAO', NULL, NULL),
(173, '2020-01-25 00:00:00', '200125141103', 1, 1, NULL, 'NAO', 'NAO', NULL, NULL),
(174, '2020-01-25 00:00:00', '200125141225', 1, 1, NULL, 'NAO', 'NAO', NULL, NULL),
(175, '2020-01-25 00:00:00', '200125141358', 1, 1, NULL, 'NAO', 'NAO', NULL, NULL),
(176, '2020-01-25 00:00:00', '200125141530', 1, 1, NULL, 'NAO', 'NAO', NULL, NULL),
(177, '2020-01-25 00:00:00', '200125141559', 1, 1, NULL, 'NAO', 'NAO', NULL, NULL),
(178, '2020-01-25 00:00:00', '200125141736', 1, 1, NULL, 'NAO', 'NAO', NULL, NULL),
(179, '2020-01-25 00:00:00', '200125141847', 1, 1, NULL, 'NAO', 'NAO', NULL, NULL),
(180, '2020-01-25 00:00:00', '200125142020', 1, 1, NULL, 'NAO', 'NAO', NULL, NULL),
(181, '2020-01-25 00:00:00', '200125142311', 1, 1, NULL, 'NAO', 'NAO', NULL, NULL),
(182, '2020-01-25 00:00:00', '200125142938', 1, 1, NULL, 'NAO', 'NAO', NULL, NULL),
(183, '2020-01-25 00:00:00', '200125143342', 1, 1, NULL, 'NAO', 'NAO', NULL, NULL),
(184, '2020-01-25 00:00:00', '200125144357', 1, 1, NULL, 'NAO', 'NAO', NULL, NULL),
(185, '2020-01-25 00:00:00', '200125144457', 1, 1, NULL, 'NAO', 'NAO', NULL, NULL),
(186, '2020-01-25 00:00:00', '200125144708', 1, 1, NULL, 'NAO', 'NAO', NULL, NULL),
(187, '2020-01-25 00:00:00', '200125145704', 1, 1, NULL, 'NAO', 'NAO', NULL, NULL),
(188, '2020-01-25 00:00:00', '200125145850', 1, 1, NULL, 'NAO', 'NAO', NULL, NULL),
(189, '2020-01-25 00:00:00', '200125151919', 1, 1, NULL, 'NAO', 'NAO', NULL, NULL),
(190, '2020-01-25 00:00:00', '200125153145', 1, 1, NULL, 'NAO', 'NAO', NULL, NULL),
(191, '2020-01-25 00:00:00', '200125153309', 1, 1, NULL, 'NAO', 'NAO', NULL, NULL),
(192, '2020-01-25 00:00:00', '200125153346', 1, 1, NULL, 'NAO', 'NAO', NULL, NULL),
(193, '2020-01-25 00:00:00', '200125153521', 1, 1, NULL, 'NAO', 'NAO', NULL, NULL),
(194, '2020-01-25 00:00:00', '200125153644', 1, 1, NULL, 'NAO', 'NAO', NULL, NULL),
(195, '2020-01-25 00:00:00', '200125153804', 1, 1, NULL, 'NAO', 'NAO', NULL, NULL),
(196, '2020-01-25 00:00:00', '200125153834', 1, 1, NULL, 'NAO', 'NAO', NULL, NULL),
(197, '2020-01-25 00:00:00', '200125153954', 1, 1, NULL, 'NAO', 'NAO', NULL, NULL),
(198, '2020-01-25 00:00:00', '200125154129', 1, 1, NULL, 'NAO', 'NAO', NULL, NULL),
(199, '2020-01-25 00:00:00', '200125154549', 1, 1, NULL, 'NAO', 'NAO', NULL, NULL),
(200, '2020-01-25 00:00:00', '200125160931', 1, 1, NULL, 'NAO', 'NAO', NULL, NULL),
(201, '2020-01-25 00:00:00', '200125161416', 1, 1, NULL, 'NAO', 'NAO', NULL, NULL),
(202, '2020-01-25 00:00:00', '200125161721', 1, 1, NULL, 'NAO', 'NAO', NULL, NULL),
(203, '2020-01-25 00:00:00', '200125161907', 1, 1, NULL, 'NAO', 'NAO', NULL, NULL),
(204, '2020-01-25 00:00:00', '200125164444', 1, 1, NULL, 'NAO', 'NAO', NULL, NULL),
(205, '2020-01-25 00:00:00', '200125164555', 1, 1, NULL, 'NAO', 'NAO', NULL, NULL),
(206, '2020-01-25 00:00:00', '200125164613', 1, 1, NULL, 'NAO', 'NAO', NULL, NULL),
(207, '2020-01-25 00:00:00', '200125164753', 1, 1, NULL, 'NAO', 'NAO', NULL, NULL),
(208, '2020-01-25 00:00:00', '200125165234', 1, 1, NULL, 'NAO', 'NAO', NULL, NULL),
(209, '2020-01-25 00:00:00', '200125171501', 1, 1, NULL, 'NAO', 'NAO', NULL, NULL),
(210, '2020-01-25 00:00:00', '200125172630', 1, 1, NULL, 'NAO', 'NAO', NULL, NULL),
(211, '2020-01-25 00:00:00', '200125174940', 1, 1, NULL, 'NAO', 'NAO', NULL, NULL),
(212, '2020-01-25 00:00:00', '200125175023', 1, 1, NULL, 'NAO', 'NAO', NULL, NULL),
(213, '2020-01-25 00:00:00', '200125175516', 1, 1, NULL, 'NAO', 'NAO', NULL, NULL),
(214, '2020-01-25 00:00:00', '200125191558', 1, 1, NULL, 'SIM', 'NAO', NULL, NULL),
(215, '2020-01-25 00:00:00', '200125191959', 1, 1, NULL, 'SIM', 'NAO', NULL, NULL),
(216, '2020-01-25 00:00:00', '200125192134', 1, 1, NULL, 'SIM', 'NAO', NULL, NULL),
(217, '2020-01-25 00:00:00', '200125192242', 1, 1, NULL, 'SIM', 'NAO', NULL, NULL),
(218, '2020-01-25 00:00:00', '200125192414', 1, 1, NULL, 'SIM', 'NAO', NULL, NULL),
(219, '2020-01-25 00:00:00', '200125192637', 1, 1, NULL, 'SIM', 'NAO', NULL, NULL),
(220, '2020-01-25 00:00:00', '200125192853', 1, 1, NULL, 'SIM', 'NAO', NULL, NULL),
(221, '2020-01-25 00:00:00', '200125192904', 2, 1, NULL, 'SIM', 'NAO', NULL, NULL),
(222, '2020-01-25 00:00:00', '200125192931', 1, 1, NULL, 'NAO', 'NAO', NULL, NULL),
(223, '2020-01-25 00:00:00', '200125193206', 1, 1, NULL, 'SIM', 'NAO', NULL, NULL),
(224, '2020-01-25 00:00:00', '200125193230', 2, 1, NULL, 'NAO', 'NAO', NULL, NULL),
(225, '2020-01-25 00:00:00', '200125193439', 1, 1, NULL, 'SIM', 'NAO', NULL, NULL),
(226, '2020-01-25 00:00:00', '200125193459', 1, 1, NULL, 'NAO', 'NAO', NULL, NULL),
(227, '2020-01-25 00:00:00', '200125193536', 1, 1, NULL, 'SIM', 'NAO', NULL, NULL),
(228, '2020-01-25 00:00:00', '200125193909', 1, 1, NULL, 'SIM', 'NAO', NULL, NULL),
(229, '2020-01-25 00:00:00', '200125193956', 1, 1, NULL, 'SIM', 'NAO', NULL, NULL),
(230, '2020-01-25 00:00:00', '200125194013', 2, 1, NULL, 'NAO', 'NAO', NULL, NULL),
(231, '2020-01-25 00:00:00', '200125194129', 1, 1, NULL, 'SIM', 'NAO', NULL, NULL),
(232, '2020-01-25 00:00:00', '200125194140', 2, 1, NULL, 'NAO', 'NAO', NULL, NULL),
(233, '2020-01-25 00:00:00', '200125194354', 1, 1, NULL, 'SIM', 'NAO', NULL, NULL),
(234, '2020-01-25 00:00:00', '200125194408', 2, 1, NULL, 'NAO', 'NAO', NULL, NULL),
(235, '2020-01-25 00:00:00', '200125194518', 1, 1, NULL, 'SIM', 'NAO', NULL, NULL),
(236, '2020-01-25 00:00:00', '200125194529', 2, 1, NULL, 'NAO', 'NAO', NULL, NULL),
(237, '2020-01-25 00:00:00', '200125194549', 1, 1, NULL, 'NAO', 'NAO', NULL, NULL),
(238, '2020-01-25 00:00:00', '200125194659', 1, 1, NULL, 'SIM', 'NAO', NULL, NULL),
(239, '2020-01-25 00:00:00', '200125194710', 2, 1, NULL, 'NAO', 'NAO', NULL, NULL),
(240, '2020-01-25 00:00:00', '200125194811', 1, 1, NULL, 'SIM', 'NAO', NULL, NULL),
(241, '2020-01-25 00:00:00', '200125194822', 2, 1, NULL, 'NAO', 'NAO', NULL, NULL),
(242, '2020-01-25 00:00:00', '200125194908', 1, 1, NULL, 'SIM', 'NAO', NULL, NULL),
(243, '2020-01-25 00:00:00', '200125194921', 2, 1, NULL, 'NAO', 'NAO', NULL, NULL),
(244, '2020-01-25 00:00:00', '200125195000', 1, 1, NULL, 'SIM', 'NAO', NULL, NULL),
(245, '2020-01-25 00:00:00', '200125195103', 2, 1, NULL, 'NAO', 'NAO', NULL, NULL),
(246, '2020-01-25 00:00:00', '200125195316', 1, 1, NULL, 'SIM', 'NAO', NULL, NULL),
(247, '2020-01-25 00:00:00', '200125195332', 1, 1, NULL, 'SIM', 'NAO', NULL, NULL),
(248, '2020-01-25 00:00:00', '200125195345', 2, 1, NULL, 'NAO', 'NAO', NULL, NULL),
(249, '2020-01-25 00:00:00', '200125195419', 1, 1, NULL, 'SIM', 'NAO', NULL, NULL),
(250, '2020-01-25 00:00:00', '200125195555', 1, 1, NULL, 'SIM', 'NAO', NULL, NULL),
(251, '2020-01-25 00:00:00', '200125195650', 1, 1, NULL, 'SIM', 'NAO', NULL, NULL),
(252, '2020-01-25 00:00:00', '200125195803', 1, 1, NULL, 'SIM', 'NAO', NULL, NULL),
(253, '2020-01-25 00:00:00', '200125195826', 1, 1, NULL, 'SIM', 'NAO', NULL, NULL),
(254, '2020-01-25 00:00:00', '200125195938', 1, 1, NULL, 'SIM', 'NAO', NULL, NULL),
(255, '2020-01-25 00:00:00', '200125200037', 1, 1, NULL, 'SIM', 'NAO', NULL, NULL),
(256, '2020-01-25 00:00:00', '200125200115', 1, 1, NULL, 'SIM', 'NAO', NULL, NULL),
(257, '2020-01-25 00:00:00', '200125200127', 2, 1, NULL, 'SIM', 'NAO', NULL, NULL),
(258, '2020-01-25 00:00:00', '200125200225', 1, 1, NULL, 'SIM', 'NAO', NULL, NULL),
(259, '2020-01-25 00:00:00', '200125203710', 1, 1, NULL, 'SIM', 'NAO', NULL, NULL),
(260, '2020-01-25 00:00:00', '200125203721', 2, 1, NULL, 'NAO', 'NAO', NULL, NULL),
(261, '2020-01-25 00:00:00', '200125203756', 1, 1, NULL, 'SIM', 'NAO', NULL, NULL),
(262, '2020-01-25 00:00:00', '200125203806', 2, 1, NULL, 'SIM', 'NAO', NULL, NULL),
(263, '2020-01-25 00:00:00', '200125203900', 1, 1, NULL, 'SIM', 'NAO', NULL, NULL),
(264, '2020-01-25 00:00:00', '200125203912', 2, 1, NULL, 'SIM', 'NAO', NULL, NULL),
(265, '2020-01-26 00:00:00', '200126090606', 1, 1, NULL, 'NAO', 'NAO', NULL, NULL),
(266, '2020-01-26 00:00:00', '200126090812', 1, 1, NULL, 'NAO', 'NAO', NULL, NULL),
(267, '2020-01-26 00:00:00', '200126091025', 1, 1, NULL, 'NAO', 'NAO', NULL, NULL),
(268, '2020-01-26 00:00:00', '200126095242', 1, 1, NULL, 'SIM', 'NAO', NULL, NULL),
(269, '2020-01-26 00:00:00', '200126095257', 1, 1, NULL, 'NAO', 'NAO', NULL, NULL),
(270, '2020-01-26 00:00:00', '200126095316', 1, 1, NULL, 'NAO', 'NAO', NULL, NULL),
(271, '2020-01-26 00:00:00', '200126095322', 1, 1, NULL, 'NAO', 'NAO', NULL, NULL),
(275, '2020-01-26 00:00:00', '200126130425', 1, 1, NULL, 'NAO', 'NAO', NULL, NULL),
(277, '2020-01-26 00:00:00', '200126164250', 1, 1, NULL, 'NAO', 'NAO', NULL, NULL),
(279, '2020-01-26 00:00:00', '200126164404', 1, 1, NULL, 'NAO', 'NAO', NULL, NULL),
(280, '2020-01-26 00:00:00', '200126164550', 1, 1, NULL, 'NAO', 'NAO', NULL, NULL),
(281, '2020-01-26 00:00:00', '200126164645', 1, 1, NULL, 'NAO', 'NAO', NULL, NULL),
(282, '2020-01-26 00:00:00', '200126164800', 1, 1, NULL, 'NAO', 'NAO', NULL, NULL),
(283, '2020-01-26 00:00:00', '200126165109', 1, 1, NULL, 'NAO', 'NAO', NULL, NULL),
(284, '2020-01-26 00:00:00', '200126165207', 1, 1, NULL, 'NAO', 'NAO', NULL, NULL),
(285, '2020-01-26 00:00:00', '200126165732', 1, 1, NULL, 'NAO', 'NAO', NULL, NULL),
(286, '2020-01-26 00:00:00', '200126165950', 1, 1, NULL, 'NAO', 'NAO', NULL, NULL),
(287, '2020-01-26 00:00:00', '200126170601', 1, 1, NULL, 'NAO', 'NAO', NULL, NULL),
(289, '2020-01-26 00:00:00', '200126170741', 1, 1, NULL, 'NAO', 'NAO', NULL, NULL),
(290, '2020-01-26 00:00:00', '200126170756', 1, 1, NULL, 'NAO', 'NAO', NULL, NULL),
(293, '2020-01-29 00:00:00', '200129001845', 1, 1, NULL, 'NAO', 'NAO', NULL, NULL),
(294, '2020-02-04 00:00:00', '200204194030', 1, 1, NULL, 'NAO', 'NAO', NULL, NULL),
(295, '2020-02-04 00:00:00', '200204210037', 1, 1, NULL, 'NAO', 'NAO', NULL, NULL),
(296, '2020-02-04 00:00:00', '200204213808', 1, 1, NULL, 'NAO', 'NAO', NULL, NULL),
(297, '2020-02-10 00:00:00', '200210191837', 1, 1, NULL, 'NAO', 'NAO', NULL, NULL),
(298, '2020-02-10 00:00:00', '200210214301', 1, 1, NULL, 'NAO', 'NAO', NULL, NULL),
(299, '2020-02-11 00:00:00', '200211001551', 1, 1, NULL, 'NAO', 'NAO', NULL, NULL),
(300, '2020-02-11 00:00:00', '200211003004', 1, 1, NULL, 'NAO', 'NAO', NULL, NULL),
(301, '2020-02-13 00:00:00', '200213003044', 1, 1, NULL, 'NAO', 'NAO', NULL, NULL),
(302, '2020-03-04 00:00:00', '200304141214', 1, 1, NULL, 'NAO', 'NAO', NULL, NULL),
(303, '2020-03-08 00:00:00', '200308102316', 1, 1, NULL, 'NAO', 'NAO', NULL, NULL),
(304, '2020-03-23 00:00:00', '200323190443', 1, 1, NULL, 'NAO', 'NAO', NULL, NULL),
(306, '2020-03-26 00:00:00', '200326111554', 1, 1, NULL, 'NAO', 'NAO', NULL, NULL),
(307, '2020-03-26 00:00:00', '200326155334', 1, 1, NULL, 'NAO', 'NAO', NULL, NULL),
(308, '2020-03-26 00:00:00', '200326160018', 1, 1, NULL, 'NAO', 'NAO', NULL, NULL),
(309, '2020-03-26 00:00:00', '200326160429', 1, 1, NULL, 'SIM', 'NAO', NULL, NULL),
(310, '2020-03-26 00:00:00', '200326162345', 1, 1, NULL, 'NAO', 'NAO', NULL, NULL),
(311, '2020-03-26 00:00:00', '200326194743', 1, 1, NULL, 'SIM', 'NAO', NULL, NULL),
(313, '2020-03-26 00:00:00', '200326194927', 1, 1, NULL, 'NAO', 'NAO', NULL, NULL),
(315, '2020-03-27 00:00:00', '200327143319', 2, 1, NULL, 'NAO', 'NAO', NULL, NULL),
(316, '2020-03-27 00:00:00', '200327144355', 1, 1, NULL, 'NAO', 'NAO', NULL, NULL),
(317, '2020-03-27 00:00:00', '200327144424', 1, 1, NULL, 'NAO', 'NAO', NULL, NULL),
(318, '2020-03-27 00:00:00', '200327145220', 1, 1, NULL, 'NAO', 'NAO', NULL, NULL),
(319, '2020-03-27 00:00:00', '200327145340', 1, 1, NULL, 'NAO', 'NAO', NULL, NULL),
(320, '2020-03-27 00:00:00', '200327145446', 1, 1, NULL, 'NAO', 'NAO', NULL, NULL),
(321, '2020-03-27 00:00:00', '200327145846', 3, 1, NULL, 'NAO', 'NAO', NULL, NULL),
(322, '2020-03-27 00:00:00', '200327162630', 1, 1, NULL, 'NAO', 'NAO', NULL, NULL),
(327, '2020-03-27 00:00:00', '200327195219', 1, 1, NULL, 'NAO', 'NAO', NULL, NULL),
(328, '2020-03-27 00:00:00', '200327195354', 1, 1, NULL, 'NAO', 'NAO', NULL, NULL),
(329, '2020-03-27 00:00:00', '200327195643', 1, 1, NULL, 'NAO', 'NAO', NULL, NULL),
(330, '2020-03-27 00:00:00', '200327200054', 1, 1, NULL, 'NAO', 'NAO', NULL, NULL),
(331, '2020-03-27 00:00:00', '200327200219', 1, 1, NULL, 'NAO', 'NAO', NULL, NULL),
(332, '2020-03-27 00:00:00', '200327200513', 1, 1, NULL, 'NAO', 'NAO', NULL, NULL),
(333, '2020-03-27 00:00:00', '200327200815', 1, 1, NULL, 'NAO', 'NAO', NULL, NULL),
(334, '2020-03-27 00:00:00', '200327200907', 1, 1, NULL, 'NAO', 'NAO', NULL, NULL),
(335, '2020-03-27 00:00:00', '200327201049', 1, 1, NULL, 'NAO', 'NAO', NULL, NULL),
(336, '2020-03-27 00:00:00', '200327201126', 1, 1, NULL, 'NAO', 'NAO', NULL, NULL),
(337, '2020-03-27 00:00:00', '200327201131', 1, 1, NULL, 'NAO', 'NAO', NULL, NULL),
(338, '2020-03-27 00:00:00', '200327201552', 1, 1, NULL, 'NAO', 'NAO', NULL, NULL),
(339, '2020-03-28 00:00:00', '200328090934', 1, 1, NULL, 'NAO', 'NAO', NULL, NULL),
(340, '2020-03-28 00:00:00', '200328090956', 1, 1, NULL, 'NAO', 'NAO', NULL, NULL),
(341, '2020-03-28 00:00:00', '200328091210', 1, 1, NULL, 'NAO', 'NAO', NULL, NULL),
(342, '2020-03-28 00:00:00', '200328091532', 1, 1, NULL, 'NAO', 'NAO', NULL, NULL),
(343, '2020-03-28 00:00:00', '200328091543', 1, 1, NULL, 'NAO', 'NAO', NULL, NULL),
(344, '2020-03-28 00:00:00', '200328092330', 2, 1, NULL, 'NAO', 'NAO', NULL, NULL),
(348, '2020-03-28 00:00:00', '200328092756', 2, 1, NULL, 'NAO', 'NAO', NULL, NULL),
(349, '2020-03-28 00:00:00', '200328092955', 2, 1, NULL, 'NAO', 'NAO', NULL, NULL),
(350, '2020-03-28 00:00:00', '200328093004', 2, 1, NULL, 'NAO', 'NAO', NULL, NULL),
(352, '2020-03-28 00:00:00', '200328150100', 2, 1, NULL, 'NAO', 'NAO', NULL, NULL),
(354, '2020-03-29 00:00:00', '200329090620', 1, 1, NULL, 'NAO', 'NAO', NULL, NULL),
(355, '2020-03-29 00:00:00', '200329102938', 1, 1, NULL, 'NAO', 'NAO', NULL, NULL),
(356, '2020-03-29 00:00:00', '200329103119', 1, 1, NULL, 'NAO', 'NAO', NULL, NULL),
(357, '2020-03-29 00:00:00', '200329110510', 1, 1, NULL, 'NAO', 'NAO', NULL, NULL),
(358, '2020-03-29 00:00:00', '200329113316', 1, 1, NULL, 'NAO', 'NAO', NULL, NULL),
(359, '2020-03-29 00:00:00', '200329113354', 1, 1, NULL, 'NAO', 'NAO', NULL, NULL),
(360, '2020-03-29 00:00:00', '200329115829', 1, 1, 1, 'SIM', 'SIM', NULL, NULL),
(361, '2020-03-29 00:00:00', '200329135909', 1, 1, 1, 'NAO', 'NAO', NULL, NULL),
(362, '2020-03-29 00:00:00', '200329140435', 1, 1, 1, 'NAO', 'NAO', NULL, NULL),
(363, '2020-03-29 00:00:00', '200329145224', 1, 1, 1, 'NAO', 'NAO', NULL, NULL),
(366, '2020-03-30 00:00:00', '200330202618', 2, 1, 1, 'SIM', 'NAO', NULL, NULL),
(367, '2020-03-30 00:00:00', '200330202657', 3, 1, 1, 'SIM', 'NAO', NULL, NULL),
(368, '2020-03-30 00:00:00', '200330202913', 3, 1, 1, 'SIM', 'NAO', NULL, NULL),
(369, '2020-03-30 00:00:00', '200330203027', 2, 1, 1, 'SIM', 'NAO', NULL, NULL),
(370, '2020-03-30 00:00:00', '200330203531', 1, 1, 3, 'SIM', 'NAO', NULL, NULL),
(371, '2020-03-31 00:00:00', '200331192925', 1, 1, 2, 'SIM', 'NAO', NULL, NULL),
(372, '2020-03-31 00:00:00', '200331195112', 1, 1, 1, 'NAO', 'NAO', NULL, NULL),
(373, '2020-04-01 00:00:00', '200401194209', 1, 1, 1, 'SIM', 'NAO', NULL, NULL),
(374, '2020-04-01 00:00:00', '200401194740', 2, 1, 1, 'SIM', 'NAO', NULL, NULL),
(375, '2020-04-01 00:00:00', '200401195232', 3, 1, 4, 'SIM', 'NAO', NULL, NULL),
(376, '2020-04-01 00:00:00', '200401200157', 3, 1, 1, 'SIM', 'SIM', 40.00, 50.00),
(377, '2020-04-01 00:00:00', '200401200441', 3, 1, 1, 'SIM', 'SIM', 2000.00, 2400.00),
(378, '2020-04-01 00:00:00', '200401200643', 3, 1, 3, 'SIM', 'SIM', 40.00, 50.00),
(379, '2020-04-01 00:00:00', '200401202021', 3, 1, 3, 'NAO', 'NAO', NULL, NULL),
(380, '2020-04-01 00:00:00', '200401202324', 3, 1, 1, 'SIM', 'SIM', 2040.00, 2450.00),
(381, '2020-04-03 00:00:00', '200403204803', 5, 1, 1, 'SIM', 'SIM', 1160.00, 1395.00),
(382, '2020-04-03 00:00:00', '200403204927', 5, 1, 1, 'SIM', 'SIM', 1160.00, 1395.00),
(385, '2020-04-04 00:00:00', '200404133513', 2, 1, 1, 'SIM', 'SIM', 400.00, 520.00),
(386, '2020-04-05 00:00:00', '200405095622', 1, 1, 4, 'NAO', 'NAO', NULL, NULL),
(387, '2020-04-06 00:00:00', '200406124309', 2, 1, 4, 'NAO', 'NAO', NULL, NULL),
(388, '2020-04-09 00:00:00', '200409151559', 1, 1, 1, 'NAO', 'NAO', NULL, NULL),
(389, '2020-04-11 00:00:00', '200411121219', 1, 1, 2, 'SIM', 'SIM', 1000.00, 1200.00),
(390, '2020-04-12 00:00:00', '200412193312', 1, 1, 1, 'NAO', 'NAO', NULL, NULL),
(391, '2020-04-12 00:00:00', '200412194023', 1, 1, 1, 'SIM', 'SIM', 20.00, 25.00),
(392, '2020-04-12 00:00:00', '200412201502', 2, 1, 2, 'SIM', 'SIM', 150.00, 200.00),
(393, '2020-04-14 00:00:00', '200414075748', 5, 1, 2, 'SIM', 'SIM', 150.00, 200.00),
(394, '2020-04-15 00:00:00', '200415184551', 1, 1, 2, 'SIM', 'SIM', 20.00, 25.00),
(395, '2020-04-17 00:00:00', '200417195325', 1, 1, 1, 'NAO', 'NAO', NULL, NULL),
(396, '2020-04-25 00:00:00', '200425125241', 1, 1, 1, 'NAO', 'NAO', NULL, NULL),
(397, '2020-04-27 00:00:00', '200427191652', 1, 1, 1, 'NAO', 'NAO', NULL, NULL),
(398, '2020-04-27 00:00:00', '200427192349', 1, 1, 1, 'NAO', 'NAO', NULL, NULL),
(399, '2020-04-27 00:00:00', '200427192410', 1, 1, 1, 'NAO', 'NAO', NULL, NULL),
(408, '2020-04-27 00:00:00', '200427193958', 1, 1, 1, 'NAO', 'NAO', NULL, NULL),
(410, '2020-05-05 00:00:00', '200505143737', 2, 1, 2, 'SIM', 'SIM', 50.00, 60.00),
(414, '2020-05-14 00:00:00', '200514110711', 2, 1, 1, 'SIM', 'SIM', 800.00, 1000.00),
(415, '2020-05-14 00:00:00', '200514125627', 1, 1, 1, 'SIM', 'SIM', 2350.00, 2850.00),
(416, '2020-05-18 00:00:00', '200518090835', 1, 1, 2, 'SIM', 'SIM', 1150.00, 1400.00),
(417, '2020-05-19 00:00:00', '200519153627', 1, 1, 1, 'SIM', 'SIM', 1000.00, 1200.00),
(418, '2020-05-19 00:00:00', '200519153852', 1, 2, 1, 'SIM', 'SIM', 1000.00, 1200.00),
(419, '2020-05-26 00:00:00', '200526104040', 1, 1, 1, 'NAO', 'NAO', NULL, NULL),
(420, '2020-05-26 00:00:00', '200526104221', 1, 1, 1, 'SIM', 'SIM', 150.00, 190.00),
(421, '2020-05-26 00:00:00', '200526104431', 1, 1, 1, 'SIM', 'SIM', 150.00, 190.00),
(422, '2020-05-26 00:00:00', '200526124219', 2, 1, 1, 'SIM', 'SIM', 170.00, 225.00),
(423, '2020-05-26 00:00:00', '200526125236', 3, 1, 2, 'NAO', 'NAO', NULL, NULL),
(424, '2020-05-26 00:00:00', '200526125308', 3, 1, 2, 'NAO', 'NAO', NULL, NULL),
(425, '2020-05-26 00:00:00', '200526125319', 3, 1, 1, 'SIM', 'SIM', 20.00, 25.00),
(426, '2020-05-26 00:00:00', '200526125715', 5, 1, 1, 'SIM', 'SIM', 20.00, 25.00),
(427, '2020-05-26 00:00:00', '200526150643', 2, 2, 1, 'SIM', 'SIM', 20.00, 25.00),
(428, '2020-05-26 00:00:00', '200526150728', 2, 2, 1, 'SIM', 'SIM', 120.00, 155.00),
(432, '2020-05-28 00:00:00', '200528172136', 1, 1, 1, 'SIM', 'NAO', 1000.00, 1200.00),
(433, '2020-05-28 00:00:00', '200528172242', 1, 1, 1, 'SIM', 'NAO', 6000.00, 7200.00),
(438, '2020-05-28 00:00:00', '200528194530', 1, 1, 1, 'NAO', 'NAO', NULL, NULL),
(439, '2020-05-28 00:00:00', '200528195047', 1, 1, 1, 'NAO', 'NAO', NULL, NULL),
(441, '2020-05-28 00:00:00', '200528200331', 1, 1, 1, 'NAO', 'NAO', NULL, NULL),
(442, '2020-05-28 00:00:00', '200528200804', 1, 1, 1, 'NAO', 'NAO', NULL, NULL),
(443, '2020-05-28 00:00:00', '200528201205', 1, 1, 1, 'NAO', 'NAO', NULL, NULL),
(444, '2020-05-28 00:00:00', '200528201317', 1, 1, 1, 'NAO', 'NAO', NULL, NULL),
(445, '2020-05-28 00:00:00', '200528201456', 1, 1, 1, 'NAO', 'NAO', NULL, NULL),
(451, '2020-05-29 00:00:00', '200529121100', 1, 1, 1, 'NAO', 'NAO', NULL, NULL),
(452, '2020-05-29 00:00:00', '200529121606', 1, 1, 1, 'NAO', 'NAO', NULL, NULL),
(468, '2020-06-01 00:00:00', '200601190718', 1, 1, 1, 'NAO', 'NAO', NULL, NULL),
(469, '2020-06-01 00:00:00', '200601191055', 1, 1, 1, 'NAO', 'NAO', NULL, NULL),
(470, '2020-06-01 00:00:00', '200601192623', 1, 1, 1, 'NAO', 'NAO', NULL, NULL),
(475, '2020-06-01 00:00:00', '200601193508', 1, 1, 1, 'NAO', 'NAO', NULL, NULL);

-- 
-- Dumping data for table parcelas
--
INSERT INTO parcelas VALUES
(17, '200412201502', 1, 50.00, '2020-05-14', 'NAO', NULL),
(18, '200412201502', 2, 50.00, '2020-06-14', 'NAO', NULL),
(19, '200412201502', 3, 50.00, '2020-07-14', 'NAO', NULL),
(20, '200412201502', 4, 50.00, '2020-08-14', 'NAO', NULL),
(53, '200411121219', 1, 300.00, '2020-05-15', 'SIM', '2020-05-26'),
(54, '200411121219', 2, 300.00, '2020-06-15', 'SIM', '2020-05-26'),
(55, '200411121219', 3, 300.00, '2020-07-15', 'SIM', '2020-05-26'),
(56, '200411121219', 4, 300.00, '2020-08-15', 'SIM', '2020-05-26'),
(57, '200414075748', 1, 50.00, '2020-05-15', 'SIM', '2020-04-18'),
(58, '200414075748', 2, 50.00, '2020-06-15', 'NAO', NULL),
(59, '200414075748', 3, 50.00, '2020-07-15', 'NAO', NULL),
(60, '200414075748', 4, 50.00, '2020-08-15', 'NAO', NULL),
(61, '200505143737', 1, 30.00, '2020-06-05', 'NAO', NULL),
(62, '200505143737', 2, 30.00, '2020-07-05', 'NAO', NULL),
(63, '200518090835', 1, 700.00, '2020-06-18', 'NAO', NULL),
(64, '200518090835', 2, 700.00, '2020-07-18', 'NAO', NULL);

-- 
-- Dumping data for table itens
--
INSERT INTO itens VALUES
(1, 4, 8, '200121163545', 1000.00, 1200.00),
(2, 4, 8, '200121163833', 1000.00, 1200.00),
(3, 11, 10, '200121163833', 500.00, 600.00),
(4, 4, 8, '200122091801', 1000.00, 1200.00),
(5, 4, 8, '200122133238', 1000.00, 1200.00),
(6, 11, 8, '200122133238', 500.00, 600.00),
(7, 4, 8, '200122134156', 1000.00, 1200.00),
(8, 4, 8, '200122201753', 1000.00, 1200.00),
(9, 9, 8, '200123193709', 150.00, 200.00),
(10, 4, 8, '200123200101', 1000.00, 1200.00),
(11, 4, 8, '200123200148', 1000.00, 1200.00),
(12, 4, 8, '200123200248', 1000.00, 1200.00),
(13, 4, 8, '200123203233', 1000.00, 1200.00),
(14, 4, 8, '200123203611', 1000.00, 1200.00),
(15, 4, 8, '200123204129', 1000.00, 1200.00),
(16, 11, 9, '200123204944', 500.00, 600.00),
(19, 4, 8, '200123210816', 1000.00, 1200.00),
(20, 4, 8, '200123211147', 1000.00, 1200.00),
(21, 4, 8, '200123211321', 1000.00, 1200.00),
(22, 4, 8, '200123220424', 1000.00, 1200.00),
(23, 6, 10, '200123220424', 20.00, 25.00),
(24, 4, 9, '200123225134', 1000.00, 1200.00),
(25, 6, 9, '200123225430', 20.00, 25.00),
(26, 4, 8, '200123225430', 1000.00, 1200.00),
(27, 4, 8, '200123225706', 1000.00, 1200.00),
(32, 4, 8, '200124002433', 1000.00, 1200.00),
(33, 4, 8, '200124002914', 1000.00, 1200.00),
(35, 4, 8, '200124003406', 1000.00, 1200.00),
(37, 4, 8, '200124004035', 1000.00, 1200.00),
(40, 4, 8, '200124005005', 1000.00, 1200.00),
(41, 9, 8, '200124005131', 150.00, 200.00),
(42, 4, 8, '200124005230', 1000.00, 1200.00),
(43, 6, 8, '200124005230', 20.00, 25.00),
(44, 6, 8, '200124005426', 20.00, 25.00),
(45, 4, 8, '200124005426', 1000.00, 1200.00),
(46, 4, 8, '200124100521', 1000.00, 1200.00),
(47, 4, 8, '200124100757', 1000.00, 1200.00),
(48, 4, 10, '200124101054', 1000.00, 1200.00),
(49, 4, 9, '200124103535', 1000.00, 1200.00),
(50, 4, 8, '200124103644', 1000.00, 1200.00),
(51, 6, 2, '200124103644', 20.00, 25.00),
(52, 4, 1, '200124103935', 1000.00, 1200.00),
(53, 6, 1, '200124103935', 20.00, 25.00),
(54, 4, 2, '200124104139', 1000.00, 1200.00),
(55, 6, 2, '200124104139', 20.00, 25.00),
(56, 11, 1, '200124104139', 500.00, 600.00),
(57, 6, 2, '200124104646', 20.00, 25.00),
(58, 4, 3, '200124104646', 1000.00, 1200.00),
(59, 4, 1, '200124114746', 1000.00, 1200.00),
(60, 4, 1, '200124115054', 1000.00, 1200.00),
(61, 4, 1, '200124163116', 1000.00, 1200.00),
(62, 4, 1, '200124163436', 1000.00, 1200.00),
(63, 4, 1, '200124163602', 1000.00, 1200.00),
(64, 4, 3, '200124163809', 1000.00, 1200.00),
(65, 4, 2, '200124164805', 1000.00, 1200.00),
(66, 4, 1, '200124174647', 1000.00, 1200.00),
(67, 6, 2, '200124174647', 20.00, 25.00),
(68, 4, 1, '200124174800', 1000.00, 1200.00),
(69, 6, 2, '200124174800', 20.00, 25.00),
(73, 4, 1, '200124213546', 1000.00, 1200.00),
(74, 6, 1, '200124213546', 20.00, 25.00),
(76, 4, 3, '200125140759', 1000.00, 1200.00),
(77, 6, 3, '200125140759', 20.00, 25.00),
(78, 4, 4, '200125140928', 1000.00, 1200.00),
(79, 6, 3, '200125140928', 20.00, 25.00),
(80, 4, 1, '200125141225', 1000.00, 1200.00),
(82, 4, 2, '200125141530', 1000.00, 1200.00),
(86, 4, 1, '200125142020', 1000.00, 1200.00),
(90, 4, 100, '200125142938', 1000.00, 1200.00),
(91, 6, 5, '200125142938', 20.00, 25.00),
(92, 11, 4, '200125142938', 500.00, 600.00),
(96, 4, 1, '200125143342', 1000.00, 1200.00),
(98, 11, 4, '200125143342', 500.00, 600.00),
(99, 4, 3, '200125144357', 1000.00, 1200.00),
(100, 4, 2, '200125144457', 1000.00, 1200.00),
(101, 4, 3, '200125144708', 1000.00, 1200.00),
(102, 4, 4, '200125145704', 1000.00, 1200.00),
(106, 4, 1, '200125151919', 1000.00, 1200.00),
(108, 4, 1, '200125153309', 1000.00, 1200.00),
(110, 4, 4, '200125153521', 1000.00, 1200.00),
(115, 4, 1, '200125153804', 1000.00, 1200.00),
(116, 4, 1, '200125153834', 1000.00, 1200.00),
(118, 4, 34, '200125153954', 1000.00, 1200.00),
(119, 4, 1, '200125154129', 1000.00, 1200.00),
(120, 4, 1, '200125154549', 1000.00, 1200.00),
(122, 4, 1, '200125161416', 1000.00, 1200.00),
(123, 4, 1, '200125161721', 1000.00, 1200.00),
(125, 4, 1, '200125164753', 1000.00, 1200.00),
(128, 4, 1, '200125171501', 1000.00, 1200.00),
(129, 4, 1, '200125172630', 1000.00, 1200.00),
(130, 4, -1, '200125174940', 1000.00, 1200.00),
(131, 4, 1, '200125175023', 1000.00, 1200.00),
(132, 4, 10, '200125175516', 1000.00, 1200.00),
(133, 4, 1, '200125191558', 1000.00, 1200.00),
(134, 11, 1, '200125191959', 500.00, 600.00),
(135, 11, 1, '200125192134', 500.00, 600.00),
(136, 11, 1, '200125192242', 500.00, 600.00),
(137, 11, 1, '200125192414', 500.00, 600.00),
(138, 11, 1, '200125192637', 500.00, 600.00),
(139, 11, 1, '200125192853', 500.00, 600.00),
(140, 4, 1, '200125192904', 1000.00, 1200.00),
(141, 4, 1, '200125193206', 1000.00, 1200.00),
(142, 4, 1, '200125193230', 1000.00, 1200.00),
(143, 4, 1, '200125193439', 1000.00, 1200.00),
(144, 4, 1, '200125193536', 1000.00, 1200.00),
(145, 4, 1, '200125193909', 1000.00, 1200.00),
(146, 4, 1, '200125193956', 1000.00, 1200.00),
(147, 4, 1, '200125194013', 1000.00, 1200.00),
(148, 4, 1, '200125194129', 1000.00, 1200.00),
(149, 4, 1, '200125194140', 1000.00, 1200.00),
(150, 4, 1, '200125194354', 1000.00, 1200.00),
(151, 4, 1, '200125194518', 1000.00, 1200.00),
(152, 4, 1, '200125194659', 1000.00, 1200.00),
(153, 4, 1, '200125194710', 1000.00, 1200.00),
(154, 4, 1, '200125194811', 1000.00, 1200.00),
(155, 4, 1, '200125194822', 1000.00, 1200.00),
(156, 4, 1, '200125194908', 1000.00, 1200.00),
(157, 4, 1, '200125195000', 1000.00, 1200.00),
(158, 4, 1, '200125195316', 1000.00, 1200.00),
(159, 4, 1, '200125195332', 1000.00, 1200.00),
(160, 4, 1, '200125195419', 1000.00, 1200.00),
(161, 4, 1, '200125195555', 1000.00, 1200.00),
(162, 4, 1, '200125195650', 1000.00, 1200.00),
(163, 4, 1, '200125195803', 1000.00, 1200.00),
(164, 4, 1, '200125195826', 1000.00, 1200.00),
(165, 4, 1, '200125195938', 1000.00, 1200.00),
(166, 4, 1, '200125200037', 1000.00, 1200.00),
(167, 4, 1, '200125200115', 1000.00, 1200.00),
(168, 4, 1, '200125200127', 1000.00, 1200.00),
(169, 4, 1, '200125200225', 1000.00, 1200.00),
(170, 4, 1, '200125203710', 1000.00, 1200.00),
(171, 4, 1, '200125203721', 1000.00, 1200.00),
(172, 4, 1, '200125203756', 1000.00, 1200.00),
(173, 4, 1, '200125203806', 1000.00, 1200.00),
(174, 4, 1, '200125203900', 1000.00, 1200.00),
(175, 4, 1, '200125203912', 1000.00, 1200.00),
(180, 4, 1, '200126095242', 1000.00, 1200.00),
(184, 4, 1, '200126165109', 1000.00, 1200.00),
(202, 4, 2, '200326160429', 1000.00, 1200.00),
(203, 6, 1, '200326160429', 20.00, 25.00),
(205, 4, 1, '200326194743', 1000.00, 1200.00),
(222, 4, 1, '200329115829', 1000.00, 1200.00),
(229, 4, 1, '200330202618', 1000.00, 1200.00),
(230, 6, 1, '200330202657', 20.00, 25.00),
(231, 6, 1, '200330202913', 20.00, 25.00),
(232, 6, 2, '200330203027', 20.00, 25.00),
(233, 4, 1, '200330203027', 1000.00, 1200.00),
(234, 4, 2, '200330203531', 1000.00, 1200.00),
(235, 6, 2, '200330203531', 20.00, 25.00),
(236, 9, 2, '200330203531', 150.00, 200.00),
(237, 6, 1, '200331192925', 20.00, 25.00),
(238, 4, 1, '200331192925', 1000.00, 1200.00),
(239, 7, 1, '200331192925', 100.00, 130.00),
(240, 4, 1, '200401194209', 1000.00, 1200.00),
(241, 4, 2, '200401194740', 1000.00, 1200.00),
(242, 4, 2, '200401195232', 1000.00, 1200.00),
(243, 6, 2, '200401195232', 20.00, 25.00),
(244, 4, 2, '200401200157', 1000.00, 1200.00),
(245, 6, 2, '200401200157', 20.00, 25.00),
(246, 4, 2, '200401200441', 1000.00, 1200.00),
(247, 4, 2, '200401200643', 1000.00, 1200.00),
(248, 6, 2, '200401200643', 20.00, 25.00),
(249, 4, 2, '200401202021', 1000.00, 1200.00),
(250, 6, 2, '200401202021', 20.00, 25.00),
(251, 4, 2, '200401202324', 1000.00, 1200.00),
(252, 6, 2, '200401202324', 20.00, 25.00),
(253, 4, 1, '200403204803', 1000.00, 1200.00),
(254, 12, 2, '200403204803', 50.00, 60.00),
(255, 6, 3, '200403204803', 20.00, 25.00),
(256, 4, 1, '200403204927', 1000.00, 1200.00),
(257, 12, 2, '200403204927', 50.00, 60.00),
(258, 6, 3, '200403204927', 20.00, 25.00),
(261, 9, 2, '200404133513', 150.00, 200.00),
(262, 12, 2, '200404133513', 50.00, 60.00),
(263, 4, 1, '200411121219', 1000.00, 1200.00),
(264, 6, 1, '200412194023', 20.00, 25.00),
(265, 9, 1, '200412201502', 150.00, 200.00),
(266, 9, 1, '200414075748', 150.00, 200.00),
(267, 6, 1, '200415184551', 20.00, 25.00),
(269, 4, 1, '200427193002', 1000.00, 1200.00),
(270, 4, 1, '200427193246', 1000.00, 1200.00),
(271, 4, 1, '200427193353', 1000.00, 1200.00),
(272, 4, 1, '200427193905', 1000.00, 1200.00),
(273, 4, 1, '200427193947', 1000.00, 1200.00),
(274, 12, 1, '200505143737', 50.00, 60.00),
(275, 4, 1, '200512204557', 1000.00, 1200.00),
(276, 4, 1, '200512204635', 1000.00, 1200.00),
(277, 4, 1, '200512205115', 1000.00, 1200.00),
(278, 6, 1, '200512205115', 20.00, 25.00),
(279, 11, 1, '200514100850', 500.00, 600.00),
(280, 9, 2, '200514100850', 150.00, 200.00),
(281, 4, 2, '200514110559', 1000.00, 1200.00),
(282, 11, 2, '200514110559', 500.00, 600.00),
(283, 11, 1, '200514110711', 500.00, 600.00),
(284, 9, 2, '200514110711', 150.00, 200.00),
(285, 4, 2, '200514125627', 1000.00, 1200.00),
(286, 9, 1, '200514125627', 150.00, 200.00),
(287, 6, 10, '200514125627', 20.00, 25.00),
(288, 4, 1, '200518090835', 1000.00, 1200.00),
(289, 9, 1, '200518090835', 150.00, 200.00),
(290, 4, 1, '200519153627', 1000.00, 1200.00),
(291, 4, 1, '200519153852', 1000.00, 1200.00),
(292, 7, 1, '200526104221', 100.00, 130.00),
(293, 12, 1, '200526104221', 50.00, 60.00),
(294, 7, 1, '200526104431', 100.00, 130.00),
(295, 12, 1, '200526104431', 50.00, 60.00),
(296, 6, 1, '200526124219', 20.00, 25.00),
(297, 9, 1, '200526124219', 150.00, 200.00),
(298, 6, 1, '200526125319', 20.00, 25.00),
(299, 6, 1, '200526125715', 20.00, 25.00),
(300, 6, 1, '200526150643', 20.00, 25.00),
(301, 6, 1, '200526150728', 20.00, 25.00),
(302, 7, 1, '200526150728', 100.00, 130.00),
(303, 4, 3, '200528170912', 1000.00, 1200.00),
(305, 4, 2, '200528171103', 1000.00, 1200.00),
(307, 4, 1, '200528172136', 1000.00, 1200.00),
(308, 4, 6, '200528172242', 1000.00, 1200.00),
(309, 4, 1, '200528175058', 1000.00, 1200.00),
(310, 6, 1, '200528193929', 20.00, 25.00),
(312, 6, 1, '200528194404', 20.00, 25.00),
(325, 6, 2, '200528201317', 20.00, 25.00),
(334, 6, 1, '200529120939', 20.00, 25.00),
(342, 6, 1, '200529124117', 20.00, 25.00),
(343, 6, 1, '200529124430', 20.00, 25.00),
(344, 6, 1, '200529124607', 20.00, 25.00),
(345, 6, 1, '200529124720', 20.00, 25.00),
(351, 6, 10, '200601185513', 20.00, 25.00),
(352, 6, 1, '200601185710', 20.00, 25.00),
(353, 6, 10, '200601190103', 20.00, 25.00),
(354, 6, 11, '200601190621', 20.00, 25.00),
(356, 6, 1, '200601190718', 20.00, 25.00),
(357, 6, 1, '200601191055', 20.00, 25.00),
(358, 6, 1, '200601192623', 20.00, 25.00),
(359, 6, 8, '200601192751', 20.00, 25.00),
(360, 6, 9, '200601193112', 20.00, 25.00),
(361, 6, 9, '200601193223', 20.00, 25.00),
(362, 6, 9, '200601193353', 20.00, 25.00),
(363, 6, 1, '200601193508', 20.00, 25.00),
(364, 6, 10, '200601193848', 20.00, 25.00),
(365, 6, 1, '200601194422', 20.00, 25.00),
(366, 4, 1, '200601194422', 1000.00, 1200.00),
(367, 4, 1, '200601195012', 1000.00, 1200.00),
(368, 6, 1, '200601195012', 20.00, 25.00),
(369, 6, 1, '200601195041', 20.00, 25.00),
(370, 4, 1, '200601195041', 1000.00, 1200.00),
(371, 7, 1, '200601195041', 100.00, 130.00);

-- 
-- Dumping data for table forms
--
INSERT INTO forms VALUES
(1, 'F_clientes', 'Tela de clientes\r\n'),
(2, 'F_etiquetas', 'Tela de Etiquetas'),
(3, 'F_PDV', 'Tela de Vendas'),
(4, 'F_baixarparcelas', 'Tela de Baixar Parcelas'),
(5, 'F_gerarparcelas', 'Tela de Parcelas'),
(7, 'F_lancamento', 'Tela de Lancamentos'),
(8, 'F_pdv_clientes_listar', 'Tela Listar Clientes PDV'),
(9, 'F_pdv_produtos_listar', 'Tela Listar Produtos PDV'),
(10, 'F_produtos', 'Tela de Produtos\r\n'),
(11, 'F_vendasConsulta', 'Tela Consulta de Vendas'),
(13, 'F_usuarios', 'Tela de Usuarios'),
(14, 'F_caixa', 'Tela de Caixa');

-- 
-- Dumping data for table forma_pagamento
--
INSERT INTO forma_pagamento VALUES
(1, 'DINHEIRO'),
(2, 'CREDIARIO'),
(3, 'CARTAO'),
(4, 'CHEQUE'),
(5, 'PARCELADO');

-- 
-- Dumping data for table etiquetas
--
-- Table aguiarsvendasbd.etiquetas does not contain any data (it is empty)

-- 
-- Dumping data for table empresa
--
INSERT INTO empresa VALUES
(1, 'Minha Loja Xe8', '85 3232-3232', '01234345000920', NULL, 'Av presidente Castelo Branco 2030', 'Desenvolvedor', '2018-03-07');

-- 
-- Dumping data for table caixa
--
INSERT INTO caixa VALUES
(3, 0.00, '2020-05-25', NULL, 1000.00, 1),
(4, 0.00, '2020-05-25', '2020-05-25', 1000.00, 2),
(5, 0.00, '2020-05-25', '2020-05-25', 2000.00, 5),
(6, 0.00, '2020-05-25', NULL, 0.00, 18),
(7, 0.00, '2020-05-25', NULL, 100.00, 8),
(8, 0.00, '2020-05-25', NULL, 0.00, 19),
(9, 1160.00, '2020-05-26', '2020-05-26', 100.00, 1),
(10, 2480.00, '2020-05-26', NULL, 0.00, 2);

-- 
-- Dumping data for table acesso
--
INSERT INTO acesso VALUES
(10, 2, 1),
(11, 2, 2),
(12, 2, 3),
(13, 2, 4),
(14, 2, 10),
(19, 2, 14),
(24, 2, 7),
(30, 18, 1),
(31, 19, 1),
(32, 5, 1),
(33, 8, 1);

-- 
-- Restore previous SQL mode
-- 
/*!40101 SET SQL_MODE=@OLD_SQL_MODE */;

-- 
-- Enable foreign keys
-- 
/*!40014 SET FOREIGN_KEY_CHECKS=@OLD_FOREIGN_KEY_CHECKS */;